affected_region_id,affected_region,count,evidence_id
0,0,107427,E_133
1,ankle(L),1351,E_133
2,ankle(R),1676,E_133
3,back of the neck,305,E_133
4,belly,354,E_133
5,bottom lip(R),816,E_133
6,buttock(L),148,E_133
7,buttock(R),124,E_133
8,cervical spine,944,E_133
9,cheek(L),364,E_133
10,cheek(R),144,E_133
11,commissure(L),47,E_133
12,commissure(R),23,E_133
13,epigastric,1851,E_133
14,flank(L),247,E_133
15,flank(R),215,E_133
16,forehead,1421,E_133
17,iliac fossa(L),1950,E_133
18,iliac fossa(R),540,E_133
19,internal cheek(L),1251,E_133
20,internal cheek(R),992,E_133
21,labia minora(L),6,E_133
22,labia minora(R),21,E_133
23,lumbar spine,295,E_133
24,nose,1006,E_133
25,nowhere,4436,E_133
26,palace,219,E_133
27,penis,120,E_133
28,posterior chest wall(L),315,E_133
29,posterior chest wall(R),236,E_133
30,scrotum,4,E_133
31,shoulder(L),933,E_133
32,shoulder(R),758,E_133
33,side of the neck(L),915,E_133
34,side of the neck(R),584,E_133
35,thigh(L),63,E_133
36,thigh(R),128,E_133
37,thoracic spine,575,E_133
38,thyroid cartilage,1235,E_133
39,under the tongue,3,E_133
40,upper lip(R),487,E_133
