disease_id,disease_name
1,GERD
2,Bronchitis
3,Acute dystonic reactions
4,Acute laryngitis
5,URTI
6,Inguinal hernia
7,Spontaneous pneumothorax
8,Anemia
9,Larygospasm
10,Chronic rhinosinusitis
11,Panic attack
12,Pulmonary embolism
13,Influenza
14,Acute otitis media
15,Spontaneous rib fracture
16,Atrial fibrillation
17,Pneumonia
18,Viral pharyngitis
19,Localized edema
20,Epiglottitis
21,HIV
22,Pericarditis
23,Pancreatic neoplasm
24,Acute rhinosinusitis
25,Cluster headache
26,Sarcoidosis
27,Stable angina
28,Allergic sinusitis
29,PSVT
30,Possible NSTEMI_STEMI
31,Bronchiectasis
32,Acute COPD exacerbation_infection
33,Myocarditis
34,Tuberculosis
35,Acute pulmonary edema
36,Scombroid food poisoning
37,Bronchospasm_acute asthma exacerbation
38,Myasthenia gravis
39,SLE
40,Pulmonary neoplasm
41,Anaphylaxis
42,Boerhaave
43,Guillain-Barré syndrome
44,Croup
45,Unstable angina
46,Chagas
47,Ebola
48,Whooping cough
49,Bronchiolitis
