pain_radiate_id,pain_radiate,count,evidence_id
0,0,26569,E_57
1,back of head,36,E_57
2,biceps(L),1,E_57
3,biceps(R),2,E_57
4,breast(L),146,E_57
5,breast(R),89,E_57
6,chin,4,E_57
7,forehead,109,E_57
8,jaw,16,E_57
9,lower chest,671,E_57
10,nose,330,E_57
11,nowhere,78397,E_57
12,posterior chest wall(L),4931,E_57
13,posterior chest wall(R),2101,E_57
14,scapula(L),1710,E_57
15,scapula(R),420,E_57
16,shoulder(L),6077,E_57
17,shoulder(R),3499,E_57
18,temple(L),3143,E_57
19,temple(R),944,E_57
20,thoracic spine,1725,E_57
21,trachea,172,E_57
22,triceps(L),354,E_57
23,triceps(R),348,E_57
24,under the jaw,126,E_57
25,upper chest,2609,E_57
