where_pain_id,where_pain,count,evidence_id
0,0,26569,E_55
1,ankle(L),1,E_55
2,ankle(R),1,E_55
3,back of head,322,E_55
4,back of the neck,17,E_55
5,belly,3318,E_55
6,breast(L),5933,E_55
7,breast(R),2342,E_55
8,calf(L),87,E_55
9,calf(R),98,E_55
10,cervical spine,18,E_55
11,cheek(L),500,E_55
12,cheek(R),206,E_55
13,dorsal aspect of the foot(L),710,E_55
14,dorsal aspect of the foot(R),369,E_55
15,dorsal aspect of the wrist(L),97,E_55
16,dorsal aspect of the wrist(R),97,E_55
17,ear(L),2821,E_55
18,ear(R),688,E_55
19,epigastric,15393,E_55
20,eye(L),2143,E_55
21,eye(R),1539,E_55
22,finger (index)(L),104,E_55
23,finger (index)(R),12,E_55
24,finger (middle)(L),1141,E_55
25,finger (middle)(R),353,E_55
26,flank(L),109,E_55
27,flank(R),6,E_55
28,forehead,2656,E_55
29,hip(L),358,E_55
30,hip(R),110,E_55
31,hypochondrium(L),1430,E_55
32,hypochondrium(R),545,E_55
33,iliac fossa(L),138,E_55
34,iliac fossa(R),76,E_55
35,knee(L),57,E_55
36,knee(R),64,E_55
37,little toe (4)(R),3,E_55
38,lower chest,96,E_55
39,nose,1088,E_55
40,nowhere,1379,E_55
41,occiput,2500,E_55
42,palace,626,E_55
43,palmar face of the wrist(L),92,E_55
44,palmar face of the wrist(R),97,E_55
45,pharynx,6130,E_55
46,posterior chest wall(L),8621,E_55
47,posterior chest wall(R),4397,E_55
48,pubis,925,E_55
49,scapula(L),33,E_55
50,scapula(R),16,E_55
51,shoulder(L),1696,E_55
52,shoulder(R),1103,E_55
53,side of the chest(L),321,E_55
54,side of the chest(R),137,E_55
55,side of the neck(L),31,E_55
56,side of the neck(R),2,E_55
57,sole(L),1270,E_55
58,sole(R),1118,E_55
59,temple(L),12591,E_55
60,temple(R),7687,E_55
61,testicle(L),1406,E_55
62,testicle(R),851,E_55
63,thigh(L),34,E_55
64,thigh(R),2,E_55
65,thumb(L),1,E_55
66,thyroid cartilage,100,E_55
67,tibia(L),90,E_55
68,tibia(R),128,E_55
69,toe (1)(L),24,E_55
70,toe (1)(R),43,E_55
71,toe (2)(L),7,E_55
72,toe (2)(R),13,E_55
73,toe (3)(L),3,E_55
74,toe (3)(R),1,E_55
75,tonsil(L),28,E_55
76,tonsil(R),6,E_55
77,top of the head,847,E_55
78,trachea,1479,E_55
79,triceps(L),23,E_55
80,triceps(R),20,E_55
81,under the jaw,6331,E_55
82,upper chest,705,E_55
