where_swelling_id,where_swelling,count,evidence_id
0,0,119642,E_152
1,ankle(L),15,E_152
2,ankle(R),10,E_152
3,calf(L),1766,E_152
4,calf(R),971,E_152
5,cheek(L),788,E_152
6,cheek(R),202,E_152
7,dorsal aspect of the foot(L),1178,E_152
8,dorsal aspect of the foot(R),1143,E_152
9,forehead,67,E_152
10,nose,2718,E_152
11,nowhere,1488,E_152
12,posterior aspect of the ankle(L),499,E_152
13,posterior aspect of the ankle(R),324,E_152
14,sole(L),498,E_152
15,sole(R),895,E_152
16,thigh(L),6,E_152
17,tibia(L),1574,E_152
18,tibia(R),743,E_152
19,toe (1)(L),1,E_152
20,toe (1)(R),1,E_152
